Algorithm,Key,Security (approx),Key Gen (s),Sign (s),Verify (s),Key Gen Peak (KiB),Sign Peak (KiB),Verify Peak (KiB)
RSA,2048-bit,~112-bit,0.074117,0.000862,3.7e-05,259.304688,5.381836,0.571289
RSA,3072-bit,~128-bit,0.215517,0.002032,5.6e-05,3.624023,2.416016,0.520508
ECC,P-256 (secp256r1),~128-bit,0.001607,2.8e-05,4.8e-05,0.625,1.419922,0.411133
ECC,P-384 (secp384r1),~192-bit,0.000861,0.000521,0.001242,0.273438,1.68457,0.360352
