Algorithm,Key,Security (approx),Key Gen (s),Sign (s),Verify (s),Key Gen Peak (KiB),Sign Peak (KiB),Verify Peak (KiB)
RSA,2048-bit,~112-bit,0.061214,0.000829,3.7e-05,258.619141,5.463867,0.520508
RSA,3072-bit,~128-bit,0.157321,0.002104,5.5e-05,3.375,4.208984,0.520508
ECC,P-256 (secp256r1),~128-bit,0.000115,2.6e-05,4.8e-05,0.625,2.444336,0.360352
ECC,P-384 (secp384r1),~192-bit,0.000441,0.000526,0.001242,0.273438,1.786133,0.360352
