Algorithm,Key,Security (approx),Key Gen (s),Sign (s),Verify (s),Key Gen Peak (KiB),Sign Peak (KiB),Verify Peak (KiB)
RSA,2048-bit,~112-bit,0.031753,0.000804,3.6e-05,452.1875,5.033203,0.520508
RSA,3072-bit,~128-bit,0.072061,0.002028,5.3e-05,0.046875,1.75293,0.520508
ECC,P-256 (secp256r1),~128-bit,0.000116,2.3e-05,4.8e-05,0.625,1.342773,0.360352
ECC,P-384 (secp384r1),~192-bit,0.000475,0.000524,0.001221,0.273438,0.651367,0.360352
