Algorithm,Key Size,Mode,Data Size,Encrypt (MB/s)
AES,128,GCM,1KB,190.5952672336399
AES,256,GCM,1KB,1381.1202263667822
ChaCha20,256,Poly1305,1KB,743.57739286187
AES,128,GCM,1MB,7202.452282417531
AES,256,GCM,1MB,7749.438944270287
ChaCha20,256,Poly1305,1MB,2065.4755757037874
AES,128,GCM,100MB,8679.268432132043
AES,256,GCM,100MB,8780.826187897866
ChaCha20,256,Poly1305,100MB,2173.5484260013804
