Algorithm,Key Size,Mode,Encrypt (MB/s),Decrypt (MB/s)
AES,128,GCM (AEAD),5074.45494,5808.176244
AES,256,GCM (AEAD),5485.8472,5663.334538
ChaCha20,256,Poly1305 (AEAD),1415.315651,1369.459368
AES,128,CBC + HMAC,783.813314,1483.626876
AES,256,CBC + HMAC,668.53012,1331.016626
