Algorithm,Key Size,Mode,Encrypt (MB/s),Decrypt (MB/s)
AES,128,GCM (AEAD),1237.009544,1229.66261
AES,256,GCM (AEAD),1269.359316,1282.916757
ChaCha20,256,Poly1305 (AEAD),820.890278,897.154996
AES,128,CBC + HMAC,423.402937,587.255131
AES,256,CBC + HMAC,368.802822,609.002791
